,Home_team,Away_team,Goals_Home_team,Goals_Away_team,Ball Possession_Home_team,Ball Possession_Away_team,Goal Attempts_Home_team,Goal Attempts_Away_team,Shots on Goal_Home_team,Shots on Goal_Away_team,Shots off Goal_Home_team,Shots off Goal_Away_team,Blocked Shots_Home_team,Blocked Shots_Away_team,Free Kicks_Home_team,Free Kicks_Away_team,Corner Kicks_Home_team,Corner Kicks_Away_team,Offsides_Home_team,Offsides_Away_team,Goalkeeper Saves_Home_team,Goalkeeper Saves_Away_team,Fouls_Home_team,Fouls_Away_team,Total Passes_Home_team,Total Passes_Away_team,Completed Passes_Home_team,Completed Passes_Away_team,Tackles_Home_team,Tackles_Away_team,Attacks_Home_team,Attacks_Away_team,Dangerous Attacks_Home_team,Dangerous Attacks_Away_team,Yellow Cards_Home_team,Yellow Cards_Away_team,Red Cards_Home_team,Red Cards_Away_team
0,Brighton,Manchester City,1,4,23%,77%,6,20,2,9,3,3,1,8,9,13,2,6,1,1,5,1,12,8,245,796,176,734,17,15,63,165,11,86,,,,
1,Burnley,Arsenal,1,3,40%,60%,14,17,5,6,6,4,3,7,3,15,4,5,4,0,3,4,11,3,341,533,265,461,15,11,104,94,53,61,5,1,,
2,Crystal Palace,Bournemouth,5,3,45%,55%,17,16,8,8,7,6,2,2,9,16,4,4,4,1,5,3,11,8,429,517,341,425,16,19,93,104,46,68,3,0,,
3,Fulham,Newcastle,0,4,68%,32%,16,13,2,6,8,6,6,1,7,6,5,5,1,1,2,2,6,8,765,358,690,282,12,15,150,67,81,22,1,0,,
4,Leicester,Chelsea,0,0,47%,53%,9,14,3,4,4,7,2,3,8,9,4,5,1,2,4,3,9,8,470,533,407,464,16,12,82,125,52,53,0,1,,
5,Liverpool,Wolves,2,0,59%,41%,13,7,5,2,5,4,3,1,12,6,4,1,3,1,2,3,3,11,603,427,508,323,18,13,137,95,36,35,0,2,,
6,Manchester Utd,Cardiff,0,2,73%,27%,26,13,10,4,10,6,6,3,6,12,11,2,3,0,2,10,9,6,620,223,527,131,16,16,145,77,79,37,3,3,,
7,Southampton,Huddersfield,1,1,54%,46%,10,10,3,3,3,4,4,3,8,10,4,3,1,2,2,2,8,6,447,388,330,252,13,25,143,109,56,33,0,1,,
8,Tottenham,Everton,2,2,55%,45%,11,17,3,9,5,4,3,4,14,12,7,4,2,1,7,1,10,13,543,436,449,357,21,19,120,122,51,37,0,2,,
9,Watford,West Ham,1,4,48%,52%,17,16,8,9,2,5,7,2,11,12,7,2,4,1,5,7,10,10,419,460,338,400,18,15,103,101,67,50,1,0,1,0
10,Manchester City,Leicester,1,0,61%,39%,19,7,5,2,10,2,4,3,5,13,11,0,2,0,2,4,12,5,820,607,636,416,14,22,182,67,89,27,3,2,,
11,Arsenal,Brighton,1,1,71%,29%,20,11,8,5,5,4,7,2,15,10,16,3,2,4,4,7,9,14,564,235,488,172,11,23,128,60,102,40,5,2,,
12,Chelsea,Watford,3,0,59%,41%,19,15,9,3,6,9,4,3,15,7,6,6,1,3,3,6,6,12,537,382,457,287,25,14,121,97,67,52,0,1,,
13,Huddersfield,Manchester Utd,1,1,36%,64%,7,23,3,7,2,9,2,7,11,12,3,7,2,1,6,2,10,10,332,600,235,512,18,17,96,110,32,58,1,1,,
14,Newcastle,Liverpool,2,3,31%,69%,14,11,7,4,3,6,4,1,5,14,2,3,4,2,1,5,10,4,294,677,205,568,11,12,105,150,27,41,1,1,,
15,Cardiff,Crystal Palace,2,3,39%,61%,18,21,8,7,6,7,4,7,12,14,10,5,1,2,4,6,14,11,276,446,172,335,22,16,108,124,48,52,,,,
16,West Ham,Southampton,3,0,56%,44%,17,11,6,1,6,4,5,6,13,5,2,7,3,1,1,3,2,11,520,384,419,292,18,15,126,135,50,44,1,1,,
17,Wolves,Fulham,1,0,39%,61%,19,6,6,2,9,3,4,1,14,9,7,1,1,0,2,5,10,15,376,601,285,519,17,13,102,125,54,24,1,3,,
18,Bournemouth,Tottenham,1,0,53%,47%,20,11,6,5,7,3,7,3,15,12,10,6,1,3,5,5,11,12,439,404,366,321,15,15,101,100,77,43,1,5,0,2
19,Everton,Burnley,2,0,60%,40%,20,5,6,1,9,4,5,0,11,9,8,1,1,2,1,4,8,9,555,369,463,271,20,17,108,118,68,46,0,2,,
20,Manchester Utd,Chelsea,1,1,52%,48%,7,16,5,3,2,7,0,6,19,14,6,6,5,5,2,4,9,14,467,422,391,359,15,18,107,95,56,63,3,2,,
21,Burnley,Manchester City,0,1,30%,70%,2,25,0,7,2,4,0,14,10,7,0,6,2,3,6,0,5,7,263,608,157,525,16,12,92,133,25,75,1,1,,
22,Leicester,Arsenal,3,0,67%,33%,24,6,12,1,6,3,6,2,16,15,8,6,2,3,1,9,13,13,610,293,514,189,20,16,145,81,78,38,3,3,0,1
23,Brighton,Newcastle,1,1,50%,50%,9,9,2,1,5,3,2,5,10,10,7,4,3,0,0,1,7,10,461,488,374,397,11,22,112,106,65,26,2,3,,
24,Crystal Palace,Everton,0,0,36%,64%,8,22,0,3,5,8,3,11,16,14,5,10,4,0,3,0,9,15,313,543,201,433,22,20,105,142,41,88,2,0,,
25,Fulham,Cardiff,1,0,73%,27%,8,13,2,8,5,2,1,3,11,11,10,3,1,3,8,1,10,8,623,220,542,147,23,28,121,105,46,47,,,,
26,Southampton,Bournemouth,3,3,44%,56%,22,9,7,5,9,4,6,0,9,7,9,3,0,0,2,4,8,9,351,459,257,355,25,20,129,80,66,36,2,1,,
27,Watford,Wolves,1,2,56%,44%,10,11,1,4,5,3,4,4,16,13,4,5,3,5,2,0,10,11,495,386,410,291,17,22,123,115,56,50,3,2,,
28,Tottenham,West Ham,0,1,63%,37%,14,16,4,7,4,5,6,4,11,8,2,7,5,3,6,4,3,8,614,351,502,252,19,22,134,119,63,49,0,2,,
29,Liverpool,Huddersfield,5,0,70%,30%,21,5,7,1,12,2,2,2,6,7,4,4,2,4,1,2,5,14,726,306,639,213,18,23,136,72,38,30,,,,
30,Manchester Utd,Manchester City,0,2,37%,63%,12,8,1,5,6,3,5,0,12,10,1,1,0,2,3,1,10,10,406,702,319,609,13,14,108,145,37,48,2,2,,
31,Wolves,Arsenal,3,1,29%,71%,11,11,3,1,5,4,3,6,12,13,5,5,1,3,0,0,12,9,285,690,213,612,15,6,64,151,22,68,2,3,,
32,Tottenham,Brighton,1,0,78%,22%,29,6,5,1,12,4,12,1,14,9,6,3,2,1,1,4,7,13,713,194,623,102,13,18,157,66,107,23,1,2,,
33,Watford,Southampton,1,1,62%,38%,15,8,4,4,3,3,8,1,19,13,3,4,4,5,3,3,10,14,599,359,477,244,17,21,128,101,53,50,5,2,,
34,Chelsea,Burnley,2,2,76%,24%,22,6,9,3,8,2,5,1,7,10,10,1,1,2,1,7,9,4,681,219,596,132,15,15,136,73,121,24,2,1,,
35,Arsenal,Crystal Palace,2,3,73%,27%,12,16,5,7,5,5,2,4,15,17,8,3,1,2,4,3,15,12,656,249,584,166,15,25,152,82,97,40,4,1,,
36,Cardiff,Liverpool,0,2,24%,76%,7,17,2,6,2,8,3,3,7,9,5,10,4,2,4,2,6,5,193,619,106,535,15,14,65,130,25,61,1,1,,
37,Everton,Manchester Utd,4,0,48%,52%,15,7,8,1,3,5,4,1,8,11,10,2,1,1,1,4,11,7,383,417,311,332,15,12,92,101,43,50,1,1,,
38,Newcastle,Southampton,3,1,43%,57%,15,15,6,3,4,7,5,5,12,6,4,11,0,2,2,3,5,11,320,417,199,321,23,16,99,130,35,53,0,2,,
39,Bournemouth,Fulham,0,1,49%,51%,15,17,5,5,6,6,4,6,18,11,3,7,1,0,4,5,11,18,445,457,368,378,21,13,101,107,42,57,1,3,,
40,Huddersfield,Watford,1,2,46%,54%,13,11,3,6,5,4,5,1,11,16,2,2,1,2,4,2,15,9,378,459,306,382,17,16,107,87,40,39,2,2,,
41,West Ham,Leicester,2,2,49%,51%,11,11,3,5,5,5,3,1,11,9,6,8,1,2,3,1,8,9,410,425,328,347,19,26,108,102,67,54,2,0,,
42,Wolves,Brighton,0,0,68%,32%,22,5,5,0,13,4,4,1,9,0,14,1,0,1,0,5,0,8,615,297,546,214,12,24,138,85,107,23,0,1,,
43,Manchester City,Tottenham,1,0,61%,39%,15,10,4,4,6,3,5,3,14,13,4,4,2,2,4,3,11,11,582,379,504,284,15,26,140,71,72,28,1,2,,
44,Brighton,Cardiff,0,2,64%,36%,14,10,2,3,8,3,4,4,13,15,5,4,2,0,1,2,11,13,520,302,404,184,18,30,139,99,75,33,0,1,,
45,Watford,Arsenal,0,1,34%,66%,11,19,3,6,3,6,5,7,12,14,6,4,2,4,5,3,12,8,327,660,234,575,13,11,82,109,47,59,2,0,1,0
46,Liverpool,Chelsea,2,0,62%,38%,15,6,7,3,3,2,5,1,11,6,9,2,2,2,3,5,5,9,646,401,557,323,20,30,144,89,84,40,0,1,,
47,Crystal Palace,Manchester City,1,3,27%,73%,7,20,3,6,2,7,2,7,13,5,2,9,1,2,3,2,5,11,274,721,195,652,23,22,77,169,25,92,,,,
48,Manchester Utd,West Ham,2,1,42%,58%,14,18,4,4,5,6,5,8,6,17,3,11,3,3,3,2,14,5,373,519,289,417,21,17,87,134,53,70,1,1,,
49,Brighton,Bournemouth,0,5,50%,50%,8,14,1,7,3,4,4,3,6,11,4,1,1,0,2,1,10,6,470,480,369,386,19,22,132,79,55,37,2,4,1,0
50,Burnley,Cardiff,2,0,46%,54%,14,14,7,2,6,7,1,5,10,9,8,4,3,0,2,5,7,10,280,349,175,233,15,9,108,118,56,43,2,4,,
51,Fulham,Everton,2,0,41%,59%,12,8,5,1,7,6,0,1,11,9,7,3,1,1,1,3,8,10,343,496,250,375,21,27,96,128,33,72,2,1,,
52,Southampton,Wolves,3,1,30%,70%,13,17,6,2,6,8,1,7,10,13,4,9,0,2,1,3,13,8,281,625,179,504,21,15,100,130,29,65,1,3,,
53,Tottenham,Huddersfield,4,0,70%,30%,22,7,5,1,8,5,9,1,13,11,4,2,1,0,1,1,10,12,738,305,643,223,15,15,157,84,51,33,2,2,,
54,Leicester,Newcastle,0,1,71%,29%,12,11,5,5,6,5,1,1,14,9,2,3,3,4,4,5,6,10,773,303,649,196,13,22,102,75,49,21,2,3,,
55,Chelsea,West Ham,2,0,54%,46%,16,9,7,2,6,3,3,4,9,12,7,4,3,1,2,5,8,7,485,406,411,312,14,19,117,88,68,50,2,1,,
56,Everton,Arsenal,1,0,43%,57%,23,7,6,2,9,3,8,2,11,11,9,6,3,2,2,5,8,9,381,513,,,18,20,123,99,64,52,1,4,,
57,Bournemouth,Burnley,1,3,60%,40%,10,11,2,3,5,5,3,3,24,13,3,6,2,5,0,1,12,16,441,284,,,7,10,108,96,43,58,2,3,,
58,Huddersfield,Leicester,1,4,45%,55%,10,18,4,9,3,7,3,2,13,12,8,5,2,3,5,3,13,11,369,467,,,17,16,105,109,41,37,3,0,,
59,Newcastle,Crystal Palace,0,1,54%,46%,18,3,5,1,9,2,4,0,18,13,9,4,2,4,0,5,12,13,437,391,,,19,16,125,86,63,37,1,2,,
60,Southampton,Liverpool,1,3,33%,67%,11,17,1,5,6,7,4,5,10,10,7,5,3,3,2,0,8,7,272,565,,,15,11,78,139,42,61,2,4,,
61,Chelsea,Brighton,3,0,68%,32%,17,3,4,1,8,2,5,0,10,5,7,1,0,2,1,1,5,9,753,350,,,22,18,158,70,91,26,,,,
62,Manchester City,Cardiff,2,0,79%,21%,27,4,11,1,14,2,2,1,8,5,17,4,1,1,1,9,3,7,676,185,,,11,14,146,69,82,14,0,3,,
63,Tottenham,Crystal Palace,2,0,65%,35%,26,5,10,1,9,4,7,0,9,8,8,2,0,4,1,8,8,5,687,364,,,15,17,152,72,93,25,1,0,,
64,Watford,Fulham,4,1,46%,54%,15,17,7,7,1,3,7,7,5,13,6,4,2,0,6,3,12,5,462,531,,,22,20,105,115,64,51,3,2,,
65,Wolves,Manchester Utd,2,1,49%,51%,9,18,2,4,5,7,2,7,16,8,3,5,4,5,3,1,5,11,510,515,,,17,15,99,134,34,49,1,4,0,1
66,Arsenal,Newcastle,2,0,71%,29%,7,3,4,1,1,2,2,0,12,12,6,2,2,2,1,2,11,10,700,285,,,12,19,132,66,55,25,2,0,,
67,Liverpool,Tottenham,2,1,49%,51%,14,11,3,2,8,7,3,2,10,7,10,3,2,2,1,1,5,8,445,485,,,17,14,97,97,50,41,0,1,,
68,Cardiff,Chelsea,1,2,29%,71%,8,21,3,3,4,9,1,9,15,9,2,7,2,1,1,2,8,14,239,592,,,28,9,85,115,32,50,2,3,,
69,West Ham,Everton,0,2,49%,51%,3,17,1,9,2,4,0,4,17,9,4,9,2,3,7,1,7,14,420,431,,,22,23,106,120,50,55,1,1,,
70,Brighton,Southampton,0,1,60%,40%,14,8,1,2,9,4,4,2,10,15,6,5,6,0,1,1,8,10,525,346,,,19,9,137,132,52,44,1,2,,
71,Burnley,Wolves,2,0,37%,63%,5,8,1,1,3,3,1,4,13,12,1,5,1,2,1,0,12,10,322,534,,,14,16,107,138,26,57,1,1,,
72,Crystal Palace,Huddersfield,2,0,48%,52%,19,15,5,5,6,7,8,3,10,17,5,5,6,3,5,3,10,7,423,449,,,14,14,102,142,48,45,,,,
73,Leicester,Bournemouth,2,0,59%,41%,18,8,4,2,9,4,5,2,10,8,6,1,3,1,2,2,6,12,605,423,,,16,15,150,106,57,43,0,2,,
74,Manchester Utd,Watford,2,1,51%,49%,8,20,5,8,1,6,2,6,12,18,3,5,4,3,7,3,14,9,431,399,,,18,13,77,112,51,76,1,2,,
75,Fulham,Manchester City,0,2,34%,66%,5,24,0,7,3,8,2,9,10,9,0,11,4,1,5,0,4,12,359,679,,,20,15,74,146,27,71,2,0,,
76,Everton,Chelsea,2,0,33%,67%,15,16,8,5,4,4,3,7,12,16,3,4,1,3,5,6,17,9,314,666,,,12,23,78,152,38,72,1,2,,
77,Fulham,Liverpool,1,2,37%,63%,7,16,2,6,2,7,3,3,8,12,1,10,4,1,4,1,11,7,365,595,,,22,18,95,129,21,88,2,1,,
78,Bournemouth,Newcastle,2,2,49%,51%,10,12,3,4,7,4,0,4,13,9,6,6,0,1,2,1,9,12,403,423,,,9,22,90,99,47,46,3,2,,
79,Burnley,Leicester,1,2,62%,38%,13,9,2,4,7,0,4,5,11,13,9,3,4,1,2,1,9,10,472,294,,,12,12,127,68,78,31,1,1,0,1
80,West Ham,Huddersfield,4,3,64%,36%,16,15,5,5,5,6,6,4,11,8,5,8,1,1,2,1,7,15,605,327,,,16,18,138,93,67,24,0,2,,
81,Arsenal,Manchester Utd,2,0,46%,54%,14,14,3,4,7,7,4,3,18,17,5,2,5,1,4,1,12,18,395,465,,,18,21,97,115,53,47,2,2,,
82,Chelsea,Wolves,1,1,76%,24%,22,2,6,1,2,1,14,0,16,9,13,0,1,2,0,5,8,14,820,277,,,14,38,206,52,121,14,1,4,,
83,Liverpool,Burnley,4,2,69%,31%,23,3,5,2,7,0,11,1,15,6,7,3,2,7,0,1,4,7,647,290,,,21,25,139,102,79,46,2,0,,
84,Manchester City,Watford,3,1,71%,29%,19,2,9,1,7,0,3,1,8,15,9,1,4,1,0,6,11,7,727,298,,,6,18,147,75,87,12,1,1,,
85,Cardiff,West Ham,2,0,29%,71%,16,9,7,2,6,5,3,2,9,9,7,5,2,1,2,5,7,12,226,565,,,12,19,86,104,49,49,2,1,,
86,Huddersfield,Bournemouth,0,2,56%,44%,8,8,1,4,3,3,4,1,8,14,6,5,1,0,2,1,14,9,462,372,,,19,18,136,93,59,42,3,1,,
87,Leicester,Fulham,3,1,53%,47%,18,6,8,3,8,1,2,2,14,10,6,5,1,1,2,5,9,13,521,464,,,26,26,127,99,48,29,0,2,,
88,Newcastle,Everton,3,2,46%,54%,19,7,7,3,7,2,5,2,10,16,8,2,2,0,1,4,13,10,361,443,,,23,17,106,119,48,59,3,1,,
89,Southampton,Tottenham,2,1,37%,63%,12,16,4,5,4,9,4,2,10,18,1,10,2,1,4,2,16,9,291,511,,,17,16,96,114,47,57,4,2,,
90,Crystal Palace,Brighton,1,2,63%,37%,15,4,3,3,5,1,7,0,18,9,8,0,1,1,1,2,8,18,579,358,,,28,23,135,86,75,36,1,5,,
91,Everton,Liverpool,0,0,42%,58%,7,10,3,3,3,3,1,4,14,14,3,7,2,4,3,3,12,10,343,474,,,18,18,120,117,55,49,1,2,,
92,Fulham,Chelsea,1,2,36%,64%,12,21,5,7,4,6,3,8,10,13,5,4,2,0,5,4,11,10,384,694,,,15,16,75,120,53,56,2,1,,
93,Watford,Leicester,2,1,39%,61%,6,14,5,2,0,6,1,6,13,18,1,5,4,1,1,3,15,12,371,576,,,14,12,92,124,38,69,5,1,,
94,West Ham,Newcastle,2,0,56%,44%,10,17,4,2,3,6,3,9,16,9,1,6,1,3,2,2,8,14,538,422,,,25,20,116,111,41,36,3,4,,
95,Bournemouth,Manchester City,0,1,18%,82%,0,23,0,7,0,10,0,6,9,8,0,14,1,2,6,0,7,7,176,809,,,14,9,39,151,14,91,1,2,,
96,Brighton,Huddersfield,1,0,53%,47%,13,6,4,4,5,0,4,2,7,14,6,3,3,0,4,3,11,6,455,413,,,23,18,141,98,65,26,2,2,,
97,Burnley,Crystal Palace,1,3,57%,43%,18,10,4,4,10,4,4,2,12,12,8,5,2,0,2,3,9,9,422,348,,,16,15,135,84,77,37,1,2,,
98,Manchester Utd,Southampton,3,2,64%,36%,16,9,6,3,9,4,1,2,9,9,9,7,2,0,1,3,7,10,511,282,,,8,22,101,100,53,50,2,1,,
99,Wolves,Cardiff,2,0,56%,44%,13,12,6,4,5,4,2,4,6,12,7,8,1,0,4,4,11,6,473,354,,,20,18,112,154,32,83,1,2,,
100,Tottenham,Arsenal,1,1,60%,40%,10,9,3,4,6,2,1,3,15,19,3,4,5,1,3,2,15,14,508,334,,,14,24,139,84,45,42,3,2,0,1
101,Chelsea,Tottenham,2,0,47%,53%,11,9,1,0,8,5,2,4,15,8,2,2,1,1,0,0,7,14,480,546,,,27,23,95,149,37,58,1,1,,
102,Crystal Palace,Manchester Utd,1,3,45%,55%,17,13,2,4,11,5,4,4,6,10,5,6,2,0,1,1,8,9,374,468,,,20,20,111,100,53,46,2,3,,
103,Liverpool,Watford,5,0,62%,38%,19,5,10,3,4,1,5,1,8,6,6,4,1,2,3,5,5,7,627,392,,,17,29,134,81,81,31,0,2,,
104,Manchester City,West Ham,1,0,75%,25%,20,2,7,1,11,1,2,0,7,9,12,2,7,2,1,6,2,6,780,255,,,14,14,160,75,112,19,0,2,,
105,Arsenal,Bournemouth,5,1,65%,35%,16,13,6,5,5,4,5,4,12,13,9,4,4,4,4,1,11,9,650,346,,,7,18,127,80,68,36,2,2,,
106,Southampton,Fulham,2,0,41%,59%,14,14,4,4,7,4,3,6,15,17,7,4,2,2,4,2,15,13,380,566,,,21,15,134,110,51,36,0,1,,
107,Newcastle,Burnley,2,0,54%,46%,12,12,3,2,8,6,1,4,10,8,4,7,0,2,2,1,8,8,445,367,,,19,24,132,111,33,58,1,3,,
108,Cardiff,Everton,0,3,33%,67%,6,12,0,4,5,5,1,3,13,15,3,4,3,1,1,0,12,12,257,534,,,21,10,116,109,63,49,3,1,,
109,Huddersfield,Wolves,1,0,50%,50%,15,7,3,0,9,5,3,2,13,9,3,5,0,4,0,2,10,10,445,461,,,24,20,129,118,45,52,2,2,,
110,Leicester,Brighton,2,1,49%,51%,19,15,3,3,9,9,7,3,11,11,4,8,2,4,2,1,6,4,446,444,,,14,6,99,110,47,66,1,1,,
111,Arsenal,Southampton,2,0,62%,38%,12,10,4,4,4,3,4,3,15,10,6,4,3,1,4,2,7,14,582,346,,,14,16,114,118,66,57,,,,
112,Manchester Utd,Liverpool,0,0,35%,65%,6,7,3,1,1,4,2,2,17,18,3,7,3,1,1,3,15,17,317,565,,,18,19,75,120,21,74,1,3,,
113,Leicester,Crystal Palace,1,4,65%,35%,27,7,5,5,10,2,12,0,13,5,8,3,0,1,1,4,7,14,541,289,,,19,15,151,76,86,30,2,1,,
114,Bournemouth,Wolves,1,1,45%,55%,10,10,3,2,5,5,2,3,16,10,9,8,1,3,1,2,10,15,370,468,,,21,21,97,119,61,52,4,5,,
115,Newcastle,Huddersfield,2,0,54%,46%,29,3,12,0,11,1,6,2,7,11,12,0,0,0,1,10,11,7,549,480,,,13,10,137,109,78,30,2,0,0,1
116,Burnley,Tottenham,2,1,31%,69%,10,17,4,6,3,5,3,6,12,12,7,6,4,0,5,2,9,12,214,504,,,12,16,82,115,58,69,1,3,,
117,Cardiff,Watford,1,5,35%,65%,15,12,6,7,5,4,4,1,12,13,3,3,3,1,2,5,10,11,313,579,,,23,14,115,128,43,40,1,2,,
118,West Ham,Fulham,3,1,55%,45%,21,8,7,5,9,2,5,1,14,16,12,0,3,3,4,4,11,11,553,473,,,24,18,140,111,70,29,1,1,,
119,Wolves,Newcastle,1,1,59%,41%,22,9,6,3,8,2,8,4,10,8,13,1,1,1,2,5,7,9,623,434,,,15,21,127,137,71,22,1,3,,
120,Manchester City,Chelsea,6,0,56%,44%,15,12,9,4,5,3,1,5,13,12,2,2,2,1,4,3,9,13,681,535,,,14,23,114,85,45,53,1,2,,
121,Tottenham,Leicester,3,1,53%,47%,12,20,5,9,2,9,5,2,9,17,2,9,7,5,8,2,11,4,499,437,,,14,12,92,118,38,58,3,1,,
122,Brighton,Burnley,1,3,68%,32%,16,9,6,5,4,2,6,2,8,8,9,3,1,0,2,5,8,7,519,253,,,10,11,143,79,85,29,1,1,,
123,Crystal Palace,West Ham,1,1,57%,43%,25,6,5,4,10,1,10,1,10,15,10,4,4,1,3,4,12,9,482,371,,,16,21,122,99,76,54,3,0,,
124,Huddersfield,Arsenal,1,2,55%,45%,15,9,6,4,6,4,3,1,13,18,5,0,2,1,2,5,17,12,482,410,,,25,19,169,85,63,23,3,2,,
125,Liverpool,Bournemouth,3,0,66%,34%,20,12,9,2,6,5,5,5,8,16,8,5,1,2,2,6,14,6,707,362,,,23,12,141,70,79,39,2,2,,
126,Southampton,Cardiff,1,2,67%,33%,14,6,7,3,5,3,2,0,15,15,8,2,0,3,1,6,15,12,539,267,,,18,15,141,90,64,39,3,3,,
127,Watford,Everton,1,0,44%,56%,7,9,2,4,3,4,2,1,16,22,8,2,0,6,4,1,21,10,327,425,,,22,22,101,116,49,49,2,2,0,1
128,Fulham,Manchester Utd,0,3,51%,49%,15,15,3,7,7,4,5,4,12,13,5,4,2,3,4,3,14,9,503,483,,,21,11,119,128,60,64,3,2,,
129,Everton,Manchester City,0,2,39%,61%,4,15,1,4,0,4,3,7,11,12,5,6,0,5,2,1,12,6,336,546,,,26,21,112,116,67,70,1,1,,
130,West Ham,Liverpool,1,1,27%,73%,13,11,2,6,7,3,4,2,14,10,2,5,1,3,5,1,9,11,245,690,,,19,16,87,143,33,63,1,1,,
131,Manchester City,Arsenal,3,1,59%,41%,19,4,12,2,3,0,4,2,8,17,4,2,5,0,1,9,11,8,613,432,,,13,10,108,74,70,19,1,1,,
132,Leicester,Manchester Utd,0,1,45%,55%,17,10,6,6,8,2,3,2,10,14,7,2,0,1,5,6,14,9,418,532,,,12,17,115,113,63,48,4,4,,
133,Cardiff,Bournemouth,2,0,27%,73%,12,9,5,2,0,5,7,2,13,18,6,7,2,0,2,3,17,14,218,615,,,17,13,71,165,37,64,1,2,,
134,Brighton,Watford,0,0,55%,45%,21,5,4,0,13,5,4,0,12,17,7,0,4,0,0,4,15,10,456,383,,,21,26,120,102,85,33,1,0,,
135,Burnley,Southampton,1,1,54%,46%,15,10,6,4,3,3,6,3,8,12,4,2,2,0,3,5,10,9,457,404,,,12,17,152,121,65,37,3,1,,
136,Chelsea,Huddersfield,5,0,65%,35%,23,5,7,2,8,1,8,2,5,10,11,2,2,1,2,2,8,5,737,395,,,27,13,147,81,78,39,,,,
137,Crystal Palace,Fulham,2,0,37%,63%,17,8,6,0,6,7,5,1,11,10,11,1,1,1,0,4,9,12,346,608,,,25,16,98,145,49,49,2,3,,
138,Everton,Wolves,1,3,64%,36%,13,8,4,4,2,2,7,2,14,13,3,1,2,1,1,3,12,14,534,306,,,19,22,163,84,51,29,3,1,,
139,Tottenham,Newcastle,1,0,72%,28%,21,8,4,2,8,3,9,3,7,8,6,3,2,2,2,3,6,6,744,295,,,10,17,163,89,93,24,0,1,,
140,Liverpool,Leicester,1,1,72%,28%,10,5,3,2,5,2,2,1,9,18,7,1,4,3,1,2,13,6,779,301,,,15,19,172,92,89,34,1,3,,
141,Tottenham,Watford,2,1,69%,31%,17,9,3,1,6,5,8,3,13,8,9,5,1,5,0,1,6,9,588,274,,,17,18,137,60,86,32,0,4,,
142,Bournemouth,Chelsea,4,0,32%,68%,12,11,7,7,2,2,3,2,12,8,3,7,1,6,7,3,8,6,331,714,,,10,17,56,155,24,95,1,0,,
143,Southampton,Crystal Palace,1,1,59%,41%,13,15,4,3,5,9,4,3,8,13,3,8,2,0,2,3,11,8,529,370,,,25,24,156,96,65,43,2,4,0,1
144,Manchester Utd,Burnley,2,2,74%,26%,28,6,9,4,11,0,8,2,11,12,11,3,2,4,2,7,10,9,650,228,,,5,13,119,71,103,26,1,3,,
145,Newcastle,Manchester City,2,1,24%,76%,6,12,2,4,2,3,2,5,10,11,1,8,2,5,3,0,9,7,239,767,,,20,22,64,163,22,80,2,3,,
146,Arsenal,Cardiff,2,1,71%,29%,15,19,4,2,5,9,6,8,14,13,4,7,0,1,1,2,14,12,590,232,,,13,16,119,84,70,45,3,3,,
147,Fulham,Brighton,4,2,62%,38%,24,15,7,6,9,5,8,4,6,12,10,1,1,1,4,3,10,5,623,382,,,6,14,127,106,81,54,2,3,,
148,Huddersfield,Everton,0,1,58%,42%,10,10,2,5,6,4,2,1,9,14,3,4,0,0,4,2,13,10,548,400,,,17,25,149,117,58,23,1,4,0,1
149,Wolves,West Ham,3,0,55%,45%,20,4,9,0,4,3,7,1,10,10,5,1,2,0,0,6,8,10,477,400,,,23,16,114,142,53,39,4,1,,
150,Fulham,Tottenham,1,2,27%,73%,12,14,4,5,5,6,3,3,9,17,7,10,7,1,3,3,10,8,246,679,,,15,13,89,159,25,82,2,3,,
151,Huddersfield,Manchester City,0,3,32%,68%,5,12,2,4,3,6,0,2,11,12,1,4,2,2,1,2,10,9,345,734,,,22,13,93,164,34,40,2,2,,
152,Arsenal,Chelsea,2,0,36%,64%,13,13,5,1,7,9,1,3,15,13,5,6,1,0,1,3,13,15,355,647,,,33,13,83,142,55,94,0,2,,
153,Bournemouth,West Ham,2,0,39%,61%,10,9,4,1,5,6,1,2,10,11,2,3,4,3,1,2,6,10,359,582,,,21,14,98,122,60,61,0,1,,
154,Liverpool,Crystal Palace,4,3,70%,30%,19,9,9,3,7,3,3,3,10,7,8,3,1,3,0,5,6,8,734,304,,,19,22,156,75,99,23,2,1,1,0
155,Manchester Utd,Brighton,2,1,56%,44%,20,7,5,3,9,3,6,1,12,12,6,5,1,2,2,3,11,11,507,391,,,14,16,113,109,47,42,1,0,,
156,Newcastle,Cardiff,3,0,53%,47%,16,9,6,1,5,5,5,3,5,12,7,10,1,0,1,3,11,6,375,325,,,18,25,95,113,55,53,0,1,,
157,Southampton,Everton,2,1,39%,61%,11,7,4,2,4,1,3,4,13,15,7,6,3,2,1,2,12,11,302,473,,,20,20,93,138,43,62,2,1,,
158,Watford,Burnley,0,0,55%,45%,9,11,4,3,3,6,2,2,16,21,1,7,2,8,3,4,14,9,412,330,,,15,12,116,103,39,59,1,2,,
159,Wolves,Leicester,4,3,46%,54%,12,16,7,6,3,5,2,5,9,12,5,9,1,0,3,3,11,10,381,447,,,20,15,104,142,33,74,3,3,,
160,Manchester City,Wolves,3,0,76%,24%,24,3,9,0,7,1,8,2,4,10,12,1,3,1,0,6,6,3,872,283,,,10,18,186,56,125,9,1,0,0,1
161,Tottenham,Manchester Utd,0,1,61%,39%,21,13,11,8,6,3,4,2,9,12,7,4,4,1,7,11,8,8,567,363,,,19,15,119,97,62,34,1,2,,
162,Everton,Bournemouth,2,0,51%,49%,15,16,3,7,8,7,4,2,9,18,5,9,1,1,7,1,17,8,396,378,,,19,14,86,121,52,65,5,0,,
163,Chelsea,Newcastle,2,1,66%,34%,10,9,6,2,2,6,2,1,14,11,8,5,5,1,1,4,6,13,698,351,,,18,23,144,97,62,30,1,1,,
164,Brighton,Liverpool,0,1,29%,71%,7,10,0,3,5,5,2,2,5,20,2,7,5,0,2,0,15,5,301,755,,,11,10,80,158,31,58,,,,
165,Burnley,Fulham,2,1,42%,58%,11,12,0,4,6,4,5,4,9,7,2,6,2,0,,,5,9,419,564,,,22,11,123,144,37,60,1,2,,
166,Cardiff,Huddersfield,0,0,39%,61%,3,14,0,2,0,4,3,8,16,15,3,10,3,3,2,0,12,14,270,425,,,14,11,129,122,40,53,3,1,,
167,Crystal Palace,Watford,1,2,55%,45%,15,16,6,2,6,9,3,5,14,14,7,7,3,2,0,5,11,11,408,334,,,32,15,137,106,80,55,1,4,,
168,Leicester,Southampton,1,2,72%,28%,23,8,6,3,8,3,9,2,14,11,10,3,4,4,1,5,7,9,552,227,,,10,15,174,81,109,21,2,3,0,1
169,West Ham,Arsenal,1,0,42%,58%,11,11,3,2,7,8,1,1,13,12,7,3,5,3,2,2,7,10,380,555,,,11,15,93,108,55,39,0,2,,
170,Manchester City,Liverpool,2,1,50%,50%,9,7,4,5,4,2,1,0,8,14,2,1,2,1,4,2,12,7,578,583,,,14,18,142,97,46,36,4,2,,
171,Newcastle,Manchester Utd,0,2,35%,65%,14,16,3,7,8,6,3,3,8,9,1,2,0,0,5,3,10,9,350,687,,,29,17,100,151,34,42,1,2,,
172,Bournemouth,Watford,3,3,57%,43%,25,11,12,3,8,6,5,2,17,12,4,2,2,2,0,9,9,15,491,379,,,15,17,123,101,47,35,1,4,,
173,Chelsea,Southampton,0,0,72%,28%,17,6,6,2,2,3,9,1,14,13,7,2,5,3,2,6,8,11,748,296,,,18,21,176,98,65,49,1,2,,
174,Huddersfield,Burnley,1,2,43%,57%,9,16,2,8,3,7,4,1,11,11,5,2,0,2,6,1,11,9,361,483,,,19,9,117,156,36,59,2,4,1,1
175,West Ham,Brighton,2,2,54%,46%,13,13,6,6,6,2,1,5,14,4,1,5,0,4,4,4,9,11,494,410,,,10,16,132,108,39,38,0,1,,
176,Wolves,Crystal Palace,0,2,52%,48%,9,17,1,4,5,6,3,7,7,9,3,10,1,0,2,1,9,7,527,480,,,26,19,108,141,45,66,4,1,,
177,Cardiff,Tottenham,0,3,27%,73%,6,13,3,4,2,6,1,3,8,12,5,3,6,2,1,3,6,6,290,823,,,14,9,92,122,34,35,1,0,,
178,Arsenal,Fulham,4,1,60%,40%,16,9,9,4,4,4,3,1,16,11,8,3,4,4,3,5,7,12,542,365,,,16,19,105,114,77,33,0,1,,
179,Everton,Leicester,0,1,60%,40%,17,8,2,4,7,3,8,1,10,6,6,5,1,2,3,2,5,8,525,366,,,18,26,172,105,91,45,3,1,,
180,Manchester Utd,Bournemouth,4,1,64%,36%,11,7,8,3,0,2,3,2,6,14,4,5,6,0,2,4,10,7,681,355,,,12,8,118,70,51,46,2,0,1,0
181,Burnley,West Ham,2,0,43%,57%,17,11,5,4,9,2,3,5,12,19,5,5,4,1,4,3,15,11,338,453,,,21,15,103,102,56,51,1,4,,
182,Southampton,Manchester City,1,3,24%,76%,5,14,4,6,1,4,0,4,13,12,3,8,0,2,3,3,11,10,235,783,,,26,12,74,174,18,73,2,3,1,0
183,Crystal Palace,Chelsea,0,1,34%,66%,4,12,0,4,2,4,2,4,11,14,3,4,3,3,3,0,11,8,394,781,,,14,12,82,167,35,87,,,,
184,Liverpool,Arsenal,5,1,48%,52%,15,8,10,2,3,3,2,3,16,10,5,3,2,5,1,5,8,13,511,551,,,17,17,94,114,48,40,1,2,,
185,Brighton,Everton,1,0,45%,55%,11,13,3,4,3,6,5,3,12,11,6,6,2,1,4,2,10,11,349,427,,,23,17,98,99,50,58,0,2,,
186,Fulham,Huddersfield,1,0,44%,56%,14,9,5,5,7,1,2,3,10,15,4,3,3,2,5,4,12,10,395,529,,,9,8,121,107,50,36,3,1,,
187,Leicester,Cardiff,0,1,62%,38%,16,12,7,3,3,3,6,6,16,12,10,4,0,1,2,7,14,16,448,273,,,19,13,99,117,50,62,0,2,,
188,Tottenham,Wolves,1,3,61%,39%,10,11,3,4,4,4,3,3,12,6,6,7,0,4,1,2,7,7,665,416,,,18,19,134,97,53,56,3,2,,
189,Watford,Newcastle,1,1,63%,37%,12,8,5,2,2,4,5,2,20,18,3,6,1,4,1,4,17,16,566,326,,,6,20,136,107,72,42,1,2,,
190,Southampton,West Ham,1,2,46%,54%,11,16,5,5,3,6,3,5,6,13,4,6,4,2,3,4,10,3,409,487,,,26,20,121,151,39,56,2,0,,
191,Watford,Chelsea,1,2,35%,65%,10,10,2,4,5,5,3,1,7,13,3,4,0,2,2,1,15,5,392,729,,,18,12,106,135,61,63,1,0,,
192,Brighton,Arsenal,1,1,32%,68%,12,7,3,4,8,1,1,2,5,11,4,9,1,1,3,2,10,4,324,711,,,17,7,91,117,43,56,2,1,,
193,Burnley,Everton,1,5,49%,51%,11,13,4,6,6,3,1,4,19,15,5,7,2,2,1,3,11,19,401,417,,,16,8,142,94,60,39,2,4,,
194,Crystal Palace,Cardiff,0,0,63%,37%,31,9,5,4,12,4,14,1,13,9,12,1,0,3,4,5,9,11,487,303,,,10,22,125,90,88,39,0,3,,
195,Leicester,Manchester City,2,1,34%,66%,10,11,5,4,4,4,1,3,11,6,3,7,1,3,3,3,5,8,320,613,,,22,17,89,157,29,97,2,2,0,1
196,Liverpool,Newcastle,4,0,75%,25%,16,6,8,2,4,4,4,0,10,9,10,2,1,1,2,4,7,9,723,233,,,8,14,164,85,69,29,,,,
197,Manchester Utd,Huddersfield,3,1,65%,35%,16,10,10,2,2,7,4,1,14,7,5,3,1,4,1,7,9,13,634,335,,,14,28,143,87,49,36,1,1,,
198,Tottenham,Bournemouth,5,0,57%,43%,10,14,7,4,2,6,1,4,11,5,3,4,1,3,4,2,4,8,599,449,,,12,18,109,92,36,46,2,1,,
199,Fulham,Wolves,1,1,30%,70%,11,14,5,5,5,7,1,2,8,9,2,0,0,2,4,4,9,6,286,685,,,16,20,107,160,29,70,2,1,,
200,Everton,Tottenham,2,6,42%,58%,10,17,3,8,5,7,2,2,11,17,2,1,4,2,2,1,13,9,412,605,,,11,13,137,108,52,25,0,2,,
201,Cardiff,Manchester Utd,1,5,26%,74%,9,17,3,9,5,4,1,4,12,15,4,7,3,0,4,2,13,13,209,640,,,18,18,79,123,44,40,2,1,,
202,Bournemouth,Brighton,2,0,57%,43%,14,10,3,5,7,4,4,1,19,11,6,5,3,2,5,1,8,18,541,392,,,12,19,129,107,47,37,2,2,0,1
203,Chelsea,Leicester,0,1,72%,28%,17,8,5,3,8,2,4,3,11,14,9,5,3,2,2,5,10,9,693,262,,,18,23,169,71,104,53,0,2,,
204,Huddersfield,Southampton,1,3,63%,37%,16,13,5,6,5,6,6,1,10,14,8,2,3,1,3,4,12,9,523,329,,,14,12,142,102,49,29,2,3,,
205,Manchester City,Crystal Palace,2,3,78%,22%,19,5,5,3,9,2,5,0,7,8,13,0,2,1,0,3,7,6,733,213,,,18,25,181,56,121,15,0,4,,
206,Newcastle,Fulham,0,0,54%,46%,9,4,0,2,5,0,4,2,15,13,6,0,2,4,2,0,9,12,499,463,,,24,7,131,96,65,32,1,2,,
207,West Ham,Watford,0,2,51%,49%,18,11,7,5,5,1,6,5,12,12,10,4,4,2,3,7,9,11,381,380,,,20,24,108,105,75,57,3,2,,
208,Arsenal,Burnley,3,1,60%,40%,10,7,6,2,1,3,3,2,16,12,1,3,2,4,1,3,10,14,553,357,,,17,16,109,106,41,45,2,5,,
209,Wolves,Liverpool,0,2,38%,62%,11,15,5,6,4,4,2,5,5,11,1,10,4,2,4,5,7,3,420,675,,,26,18,106,169,32,58,,,,
210,Liverpool,Manchester Utd,3,1,64%,36%,36,6,11,2,11,3,14,1,17,8,13,2,2,3,1,8,6,14,562,321,,,12,26,154,85,97,27,0,2,,
211,Brighton,Chelsea,1,2,42%,58%,6,10,2,3,3,4,1,3,10,20,4,1,5,4,1,1,14,6,455,654,,,26,15,97,127,39,50,2,2,,
212,Southampton,Arsenal,3,2,34%,66%,12,13,7,4,1,4,4,5,12,13,4,5,2,2,2,4,12,10,317,629,,,20,16,87,118,30,56,3,1,,
213,Fulham,West Ham,0,2,56%,44%,16,6,4,3,9,2,3,1,12,20,6,4,6,2,1,4,14,10,498,391,,,16,22,136,92,63,42,2,1,,
214,Crystal Palace,Leicester,1,0,43%,57%,8,12,1,2,5,7,2,3,14,15,4,4,6,3,2,0,10,8,384,495,,,25,26,113,128,43,58,2,1,,
215,Huddersfield,Newcastle,0,1,74%,26%,15,8,5,5,7,2,3,1,13,8,10,1,2,1,4,5,5,13,624,233,,,18,17,195,68,93,23,1,1,,
216,Tottenham,Burnley,1,0,70%,30%,15,4,3,0,6,2,6,2,6,8,8,3,2,1,0,2,7,8,623,264,,,7,23,150,97,74,30,0,2,,
217,Watford,Cardiff,3,2,72%,28%,17,10,8,3,6,4,3,3,6,9,5,0,2,1,1,5,7,5,663,255,,,13,17,153,92,53,34,,,,
218,Wolves,Bournemouth,2,0,38%,62%,9,13,3,3,3,5,3,5,7,21,5,3,4,0,3,1,15,7,389,633,,,21,8,82,144,34,76,1,2,,
219,Manchester City,Everton,3,1,67%,33%,13,9,5,2,4,5,4,2,11,10,6,2,3,2,1,2,7,9,705,335,,,14,11,149,80,61,34,1,2,,
220,Everton,Watford,2,2,57%,43%,12,15,5,3,5,7,2,5,10,13,6,6,4,4,1,3,13,13,412,321,,,24,24,106,105,50,54,1,1,,
221,Newcastle,Wolves,1,2,50%,50%,12,13,4,6,4,5,4,2,16,9,4,6,0,2,4,3,10,17,425,425,,,13,13,118,99,52,46,2,5,1,0
222,Leicester,Tottenham,0,2,42%,58%,10,7,3,2,5,4,2,1,8,15,6,5,3,1,0,3,12,7,410,578,,,21,23,125,111,59,41,3,1,,
223,Chelsea,Manchester City,2,0,39%,61%,8,14,5,4,1,6,2,4,13,13,1,13,1,2,4,3,12,11,410,640,,,26,19,67,160,19,72,2,0,,
224,Arsenal,Huddersfield,1,0,62%,38%,14,6,2,0,8,5,4,1,20,15,7,1,2,0,0,1,13,20,525,323,,,17,16,114,104,54,36,5,4,,
225,Burnley,Brighton,1,0,38%,62%,14,14,4,1,4,12,6,1,13,13,2,7,2,1,1,3,11,11,307,515,,,11,12,111,115,31,50,2,0,,
226,Cardiff,Southampton,1,0,37%,63%,13,12,4,1,8,6,1,5,11,13,7,7,4,0,1,3,9,10,248,448,,,13,16,98,109,51,52,2,2,,
227,Manchester Utd,Fulham,4,1,63%,37%,20,10,11,4,6,4,3,2,18,13,10,3,4,3,3,7,11,15,625,376,,,14,18,120,117,65,42,1,3,0,1
228,West Ham,Crystal Palace,3,2,49%,51%,13,8,6,4,5,2,2,2,8,13,5,3,2,0,2,3,10,8,430,474,,,22,20,107,127,64,59,1,2,,
229,Bournemouth,Liverpool,0,4,40%,60%,8,10,2,4,3,4,3,2,13,12,6,6,3,2,1,2,9,11,424,634,,,14,12,106,139,38,61,2,1,,
230,Manchester Utd,Arsenal,2,2,45%,55%,10,9,7,4,0,2,3,3,15,17,4,4,2,3,2,5,13,10,446,545,,,15,12,123,94,36,44,3,3,,
231,Tottenham,Southampton,3,1,52%,48%,13,18,8,5,3,9,2,4,7,12,8,6,4,2,4,5,7,5,527,473,,,9,15,85,117,36,57,,,,
232,Burnley,Liverpool,1,3,26%,74%,10,18,6,12,3,2,1,4,7,18,5,9,6,3,9,5,10,3,229,680,,,13,4,98,96,37,52,1,0,,
233,Everton,Newcastle,1,1,76%,24%,19,8,3,5,8,3,8,0,19,6,14,2,0,2,4,2,7,18,647,205,,,13,23,167,74,101,19,0,5,,
234,Fulham,Leicester,1,1,46%,54%,25,13,7,5,10,6,8,2,8,12,10,8,2,2,4,6,12,7,314,382,,,7,14,110,102,61,42,,,,
235,Wolves,Chelsea,2,1,30%,70%,6,17,2,3,3,10,1,4,10,18,1,5,2,0,2,0,18,10,281,678,,,14,13,85,149,33,52,4,4,,
236,Watford,Manchester City,1,2,30%,70%,11,15,7,7,2,5,2,3,9,3,3,11,4,7,5,6,4,8,308,714,,,19,16,96,147,36,80,0,1,,
237,Bournemouth,Huddersfield,2,1,33%,67%,6,23,2,6,4,10,0,7,7,8,4,8,3,0,5,0,14,11,304,608,,,15,25,78,157,45,104,4,2,,
238,Brighton,Crystal Palace,3,1,31%,69%,9,18,3,5,3,8,3,5,9,13,4,5,0,0,4,0,14,12,269,591,,,30,17,74,137,37,78,2,3,1,0
239,West Ham,Cardiff,3,1,61%,39%,17,9,11,5,3,2,3,2,15,11,10,4,2,5,4,8,10,10,461,295,,,12,13,112,120,38,33,1,2,,
240,Liverpool,Everton,1,0,58%,42%,15,9,3,3,9,4,3,2,6,12,8,1,1,3,3,2,12,7,521,388,,,21,16,126,83,73,38,3,2,,
241,Arsenal,Tottenham,4,2,59%,41%,22,11,7,6,11,3,4,2,15,13,8,5,5,2,4,3,15,17,477,331,,,25,23,100,88,55,37,3,5,0,1
242,Chelsea,Fulham,2,0,66%,34%,16,9,9,4,1,4,6,1,18,6,4,6,0,1,4,7,8,17,725,360,,,18,23,139,106,50,42,2,1,,
243,Southampton,Manchester Utd,2,2,40%,60%,16,11,6,5,6,4,4,2,15,12,3,5,0,2,3,4,12,13,358,520,,,21,24,114,104,49,38,4,4,,
244,Crystal Palace,Burnley,2,0,59%,41%,29,4,9,0,11,2,9,2,12,11,10,2,1,2,0,7,9,10,518,357,,,8,18,123,103,81,55,1,1,,
245,Huddersfield,Brighton,1,2,32%,68%,7,14,2,6,3,3,2,5,17,9,2,6,1,4,4,1,10,12,265,568,,,12,14,97,129,35,50,0,2,1,0
246,Leicester,Watford,2,0,38%,62%,7,8,3,0,3,6,1,2,6,8,4,8,1,1,0,1,7,6,303,496,,,27,15,84,124,35,72,2,1,0,1
247,Manchester City,Bournemouth,3,1,73%,27%,16,4,6,1,4,2,6,1,6,11,8,4,2,3,0,3,9,3,786,286,,,14,6,159,77,72,37,,,,
248,Newcastle,West Ham,0,3,59%,41%,16,7,4,4,7,3,5,0,13,13,7,3,3,3,1,4,10,10,492,358,,,14,25,120,88,61,27,3,3,,
249,Cardiff,Wolves,2,1,48%,52%,17,15,3,4,8,9,6,2,12,6,7,6,2,0,3,1,3,12,312,345,,,26,21,142,103,53,51,1,2,,
250,Burnley,Newcastle,1,2,56%,44%,14,17,4,3,8,8,2,6,12,7,5,5,1,1,1,3,6,11,585,450,,,14,12,155,102,46,34,0,1,,
251,Wolves,Huddersfield,0,2,45%,55%,12,14,3,6,6,4,3,4,9,10,3,5,1,1,4,3,9,8,443,547,,,21,26,131,126,40,45,1,2,,
252,Bournemouth,Arsenal,1,2,41%,59%,11,20,5,4,2,11,4,5,10,11,5,8,4,2,2,4,6,9,394,574,,,15,18,70,106,35,72,2,1,,
253,Tottenham,Chelsea,3,1,40%,60%,18,13,9,2,6,5,3,6,12,10,4,4,3,5,1,6,19,12,369,549,,,12,17,102,135,50,48,0,3,,
254,Brighton,Leicester,1,1,55%,45%,14,8,3,3,8,3,3,2,8,15,6,1,5,1,2,2,10,7,431,369,,,20,17,111,98,54,53,3,3,0,1
255,Everton,Cardiff,1,0,71%,29%,16,7,8,1,5,4,3,2,13,12,7,3,0,1,1,7,12,13,517,220,,,12,17,140,83,71,35,0,3,,
256,Fulham,Southampton,3,2,37%,63%,10,19,5,8,3,6,2,5,7,14,2,5,4,1,6,2,10,6,370,600,,,19,18,97,119,39,70,2,3,,
257,Manchester Utd,Crystal Palace,0,0,60%,40%,12,13,5,2,4,9,3,2,11,13,10,3,2,3,2,5,13,12,509,351,,,23,13,115,86,79,36,1,2,,
258,Watford,Liverpool,0,3,36%,64%,5,10,1,7,4,3,0,0,13,12,5,5,4,4,4,1,12,13,360,637,,,15,13,113,159,34,39,0,2,0,1
259,West Ham,Manchester City,0,4,31%,69%,9,9,1,6,5,2,3,1,4,4,8,1,2,3,2,1,6,3,359,839,,,21,12,93,154,52,46,,,,
260,Arsenal,Wolves,1,1,72%,28%,10,13,3,5,3,6,4,2,18,10,11,2,1,2,4,2,9,16,734,292,,,13,19,191,49,89,31,2,2,,
261,Manchester City,Manchester Utd,3,1,65%,35%,17,6,5,1,6,1,6,4,12,11,5,1,0,0,0,2,12,12,700,380,,,13,19,157,85,68,40,1,1,,
262,Chelsea,Everton,0,0,69%,31%,14,6,4,1,7,3,3,2,18,12,5,5,5,7,1,4,7,11,688,310,,,19,21,135,74,52,19,4,3,,
263,Liverpool,Fulham,2,0,73%,27%,20,8,7,3,7,4,6,1,14,13,6,3,2,5,3,5,11,9,725,263,,,15,15,146,61,59,31,1,1,,
264,Crystal Palace,Tottenham,0,1,35%,65%,11,11,4,2,6,6,1,3,10,16,10,6,4,1,1,4,12,9,303,584,,,21,19,70,142,55,66,1,1,,
265,Huddersfield,West Ham,1,1,44%,56%,15,12,7,6,7,4,1,2,11,16,5,6,7,3,5,6,9,8,354,448,,,19,17,110,102,48,54,1,1,,
266,Leicester,Burnley,0,0,63%,37%,22,6,5,1,9,3,8,2,12,14,12,1,1,2,1,5,13,10,479,298,,,12,11,102,107,79,30,2,0,,
267,Newcastle,Bournemouth,2,1,39%,61%,18,14,6,4,8,5,4,5,13,11,7,10,2,2,3,4,9,11,323,505,,,18,16,103,121,47,57,2,1,,
268,Southampton,Watford,1,1,42%,58%,14,12,4,6,6,3,4,3,17,18,7,6,4,4,5,3,13,13,306,421,,,18,12,81,102,41,50,3,2,,
269,Cardiff,Brighton,2,1,60%,40%,20,7,6,3,9,2,5,2,21,7,4,1,0,0,2,4,7,21,472,315,,,13,14,108,68,47,19,2,1,0,1
270,Huddersfield,Fulham,1,0,45%,55%,10,7,2,1,6,3,2,3,14,14,5,4,3,6,1,1,11,8,387,490,,,25,16,156,100,63,25,1,2,,
271,Chelsea,Crystal Palace,3,1,74%,26%,15,7,6,2,5,2,4,3,14,12,4,2,6,1,1,3,6,13,883,313,,,21,20,186,88,71,30,0,1,,
272,Manchester City,Southampton,6,1,67%,33%,18,12,8,6,5,4,5,2,10,14,4,4,1,1,5,2,14,9,729,341,,,12,21,141,98,75,43,1,1,,
273,Wolves,Tottenham,2,3,49%,51%,16,10,7,8,4,1,5,1,9,16,5,1,5,3,5,5,11,8,458,505,,,19,23,121,100,56,34,1,2,,
274,Arsenal,Liverpool,1,1,62%,38%,12,13,4,4,5,5,3,4,8,14,5,8,7,1,3,3,7,7,586,356,,,21,13,126,97,67,42,1,1,,
275,Cardiff,Leicester,0,1,40%,60%,11,13,2,5,8,4,1,4,15,17,6,12,4,3,4,2,13,12,271,403,,,13,10,104,96,60,60,2,2,,
276,Everton,Brighton,3,1,61%,39%,14,5,3,3,9,0,2,2,19,11,6,4,2,2,2,0,9,17,491,315,,,18,15,135,93,78,26,0,1,,
277,Newcastle,Watford,1,0,42%,58%,10,16,2,1,4,10,4,5,13,16,8,9,4,2,1,1,12,11,326,452,,,19,8,100,116,42,59,1,5,,
278,West Ham,Burnley,4,2,63%,37%,22,6,10,3,6,1,6,2,11,9,10,4,2,2,1,6,7,9,527,312,,,14,19,130,111,75,16,1,4,,
279,Bournemouth,Manchester Utd,1,2,49%,51%,18,18,7,8,3,6,8,4,17,12,9,5,0,5,6,6,12,12,412,448,,,18,17,101,111,50,51,4,3,,
280,Tottenham,Manchester City,0,1,48%,52%,4,13,1,6,3,2,0,5,17,16,3,6,4,4,5,1,13,13,476,514,,,18,13,106,110,36,64,2,2,,
281,Manchester Utd,Everton,2,1,54%,46%,14,14,10,6,3,7,1,1,11,22,8,4,7,0,5,8,15,12,486,413,,,15,15,104,92,38,41,2,1,,
282,Burnley,Chelsea,0,4,30%,70%,7,24,1,8,4,9,2,7,10,19,4,4,5,0,4,1,14,10,325,796,,,10,9,92,122,39,40,4,2,,
283,Crystal Palace,Arsenal,2,2,42%,58%,16,7,3,2,11,3,2,2,14,12,6,4,2,0,0,1,10,16,399,555,,,22,25,116,129,54,40,1,2,,
284,Leicester,West Ham,1,1,64%,36%,21,11,7,3,11,6,3,2,6,24,8,0,7,1,2,6,17,5,552,327,,,16,22,153,85,103,34,1,1,0,1
285,Brighton,Wolves,1,0,40%,60%,7,25,1,7,5,8,1,10,9,11,1,10,0,1,7,0,11,8,362,523,,,20,12,82,144,32,81,3,0,,
286,Fulham,Bournemouth,0,3,52%,48%,11,12,1,5,9,6,1,1,4,16,5,5,1,1,2,1,16,3,547,495,,,11,7,113,116,41,68,4,1,1,0
287,Liverpool,Cardiff,4,1,80%,20%,19,2,7,1,6,1,6,0,8,6,8,0,0,4,0,3,6,4,818,207,,,13,15,163,91,83,25,,,,
288,Southampton,Newcastle,0,0,50%,50%,22,6,4,0,13,4,5,2,15,10,7,2,1,3,0,4,9,12,405,414,,,13,16,140,99,66,41,0,1,,
289,Watford,Huddersfield,3,0,48%,52%,12,13,6,7,6,4,0,2,16,12,3,3,3,3,7,3,9,13,467,498,,,19,25,120,114,47,38,1,2,,
290,Arsenal,Leicester,3,1,69%,31%,19,8,6,2,11,3,2,3,11,12,6,4,2,1,1,3,10,10,703,309,,,20,14,145,87,68,40,2,2,,
291,Everton,Crystal Palace,2,0,60%,40%,20,7,4,3,9,4,7,0,17,13,10,5,1,0,3,2,13,17,510,350,,,19,23,113,113,78,45,2,1,,
292,Huddersfield,Liverpool,0,1,48%,52%,13,11,1,2,6,4,6,5,7,12,2,4,3,2,1,1,9,6,521,585,,,22,13,105,143,56,45,0,2,,
293,Bournemouth,Southampton,0,0,57%,43%,9,8,2,4,5,2,2,2,18,11,6,4,0,4,4,2,11,14,458,346,,,9,18,94,113,60,43,1,2,,
294,Cardiff,Fulham,4,2,40%,60%,22,9,5,4,10,3,7,2,15,15,4,4,0,0,2,1,15,16,313,479,,,13,17,110,102,58,39,3,3,,
295,Manchester City,Burnley,5,0,69%,31%,24,5,10,0,6,4,8,1,5,10,10,1,0,0,0,5,11,5,679,302,,,12,12,133,77,66,21,2,2,,
296,Newcastle,Brighton,0,1,68%,32%,27,8,6,2,12,4,9,2,19,11,10,2,1,1,1,6,13,17,504,247,,,17,19,124,73,97,38,0,2,,
297,West Ham,Tottenham,0,1,44%,56%,13,10,4,2,7,4,2,4,11,11,10,6,3,2,1,4,8,10,377,506,,,32,13,113,104,70,35,3,0,,
298,Wolves,Watford,0,2,45%,55%,10,9,1,3,6,2,3,4,14,25,8,2,2,1,1,1,23,13,420,550,,,22,15,94,142,57,36,3,1,,
299,Chelsea,Manchester Utd,2,2,62%,38%,21,7,6,4,8,3,7,0,18,11,5,3,2,1,2,4,9,17,611,371,,,12,21,107,87,72,38,2,5,,
300,Liverpool,Manchester City,0,0,49%,51%,7,6,2,2,4,3,1,1,15,11,2,6,2,5,2,2,10,10,515,528,,,17,16,96,120,46,41,1,3,,
301,Southampton,Chelsea,0,3,35%,65%,15,21,6,6,6,3,3,12,11,13,4,12,0,0,3,6,13,11,346,651,,,21,13,94,141,33,84,6,0,,
302,Fulham,Arsenal,1,5,49%,51%,21,9,4,7,8,2,9,0,13,15,4,2,4,1,2,3,11,12,473,504,,,15,20,121,90,48,51,2,0,,
303,Manchester Utd,Newcastle,3,2,73%,27%,18,13,10,8,5,5,3,0,9,18,10,6,1,0,6,7,16,8,610,222,,,10,18,138,73,80,46,2,2,,
304,Burnley,Huddersfield,1,1,32%,68%,6,19,3,2,0,8,3,9,11,11,1,10,3,0,1,2,9,11,275,581,,,16,11,107,109,28,65,2,2,,
305,Crystal Palace,Wolves,0,1,67%,33%,11,7,4,2,4,5,3,0,14,12,6,3,1,1,1,4,11,13,641,314,,,17,19,141,96,76,31,3,4,,
306,Leicester,Everton,1,2,51%,49%,8,17,2,8,5,5,1,4,11,15,2,10,5,0,6,1,10,11,461,422,,,13,11,115,120,36,55,4,1,1,0
307,Tottenham,Cardiff,1,0,76%,24%,19,8,7,6,6,2,6,0,14,7,6,2,0,3,6,6,7,11,685,222,,,18,15,123,86,81,43,3,1,0,1
308,Watford,Bournemouth,0,4,47%,53%,14,10,2,7,2,3,10,0,11,11,10,7,1,2,3,2,11,9,374,428,,,17,9,102,77,49,46,5,1,1,0
309,Brighton,West Ham,1,0,35%,65%,9,16,4,4,4,7,1,5,8,18,2,9,5,1,4,3,12,8,282,514,,,17,12,88,114,62,104,3,2,,
310,Bournemouth,Crystal Palace,2,1,44%,56%,11,10,5,2,4,4,2,4,13,11,3,3,2,2,1,3,9,12,425,532,,,12,20,106,119,46,51,3,4,,
311,Cardiff,Burnley,1,2,54%,46%,19,3,5,2,8,1,6,0,16,13,10,2,2,1,0,4,11,15,317,286,,,9,12,108,100,80,33,1,3,,
312,Chelsea,Liverpool,1,1,47%,53%,10,13,4,6,4,6,2,1,11,9,4,4,2,2,5,3,7,9,558,616,,,13,15,89,132,34,63,0,2,,
313,Arsenal,Watford,2,0,63%,37%,9,13,2,4,6,7,1,2,20,12,6,6,1,3,4,1,11,17,541,299,,,10,24,94,95,61,40,2,2,,
314,Everton,Fulham,3,0,51%,49%,19,6,6,0,6,6,7,0,12,19,12,1,6,0,0,3,13,13,389,389,,,25,21,84,107,51,25,0,3,,
315,Huddersfield,Tottenham,0,2,53%,47%,9,10,5,6,3,4,1,0,17,17,3,0,1,1,4,5,17,16,421,389,,,26,16,140,90,51,30,2,2,,
316,Manchester City,Brighton,2,0,80%,20%,28,4,8,1,13,1,7,2,13,4,10,3,0,2,1,6,4,10,850,210,,,15,15,159,37,101,17,0,3,,
317,Newcastle,Leicester,0,2,41%,59%,6,12,1,5,4,4,1,3,5,11,5,9,1,0,3,1,11,5,374,524,,,24,22,103,116,27,41,,,,
318,Wolves,Southampton,2,0,49%,51%,14,17,6,6,6,4,2,7,8,11,8,6,0,2,6,4,11,7,425,444,,,20,30,113,124,38,41,3,1,,
319,West Ham,Manchester Utd,3,1,49%,51%,8,9,3,4,4,1,1,4,16,14,4,9,2,4,3,0,12,12,455,457,,,25,9,93,105,47,64,0,1,,
320,Arsenal,Everton,2,0,62%,38%,9,9,5,6,1,2,3,1,14,18,5,9,1,2,6,3,17,12,555,315,,,19,21,139,91,58,55,2,1,,
321,West Ham,Chelsea,0,0,28%,72%,6,17,1,6,4,6,1,5,12,13,1,8,2,3,6,1,11,9,297,758,,,22,8,56,186,29,78,2,1,,
322,Brighton,Tottenham,1,2,29%,71%,8,16,4,7,3,5,1,4,9,15,5,7,2,0,5,3,15,9,255,658,,,13,18,64,123,30,44,2,1,,
323,Burnley,Bournemouth,4,0,37%,63%,12,19,5,5,3,5,4,9,9,18,3,8,1,2,5,1,17,6,360,603,,,15,9,108,105,33,66,2,0,,
324,Cardiff,Manchester City,0,5,22%,78%,2,21,2,10,0,4,0,7,5,8,1,9,2,1,5,2,6,4,219,800,,,15,14,50,131,18,57,1,1,,
325,Crystal Palace,Newcastle,0,0,62%,38%,16,6,4,3,7,3,5,0,12,10,9,5,2,1,3,4,8,11,479,297,,,30,27,108,81,64,29,1,1,,
326,Leicester,Huddersfield,3,1,62%,38%,18,9,8,2,7,5,3,2,16,11,3,1,1,0,1,5,10,16,589,357,,,23,11,125,96,34,27,2,1,,
327,Liverpool,Southampton,3,0,61%,39%,12,7,4,1,5,1,3,5,11,11,5,4,4,1,1,1,7,10,749,478,,,16,20,110,109,58,36,0,2,,
328,Manchester Utd,Wolves,1,1,64%,36%,15,11,6,8,3,3,6,0,18,7,5,4,3,2,7,5,5,17,684,379,,,15,13,139,77,60,44,1,1,,
329,Fulham,Watford,1,1,61%,39%,15,11,3,6,6,4,6,1,14,17,8,8,5,6,5,2,11,9,524,335,,,14,11,100,104,47,50,2,1,,
330,Southampton,Brighton,2,2,51%,49%,14,12,5,4,6,5,3,3,14,11,1,4,2,2,2,3,10,13,468,441,,,17,14,119,118,45,36,2,3,,
331,Everton,West Ham,1,3,56%,44%,16,9,4,4,6,2,6,3,12,18,4,2,3,0,1,3,15,12,458,380,,,23,19,136,100,62,46,2,5,,
332,Wolves,Burnley,1,0,59%,41%,30,7,7,2,13,5,10,0,10,11,8,2,1,1,2,6,10,9,567,395,,,13,17,132,109,71,31,2,4,,
333,Watford,Manchester Utd,1,2,43%,57%,14,9,5,6,3,1,6,2,14,11,6,8,2,4,4,4,9,11,387,520,,,25,11,99,94,57,50,2,3,0,1
334,Bournemouth,Leicester,4,2,47%,53%,10,14,5,8,2,4,3,2,18,13,4,6,1,3,6,1,13,15,360,398,,,14,20,68,110,32,55,3,4,0,1
335,Chelsea,Cardiff,4,1,77%,23%,18,6,7,2,8,4,3,0,9,8,5,4,0,0,1,3,8,10,766,227,,,11,12,132,84,39,34,,,,
336,Huddersfield,Crystal Palace,0,1,58%,42%,15,7,2,2,9,2,4,3,19,16,5,3,5,2,1,2,11,17,494,363,,,17,13,103,83,63,23,1,2,,
337,Manchester City,Fulham,3,0,65%,35%,28,9,9,3,8,5,11,1,8,12,10,4,5,2,3,6,7,7,736,400,,,16,13,165,76,76,31,,,,
338,Newcastle,Arsenal,1,2,36%,64%,4,12,2,2,0,5,2,5,12,16,10,4,3,1,0,1,13,11,327,598,,,17,14,95,120,40,49,,,,
339,Tottenham,Liverpool,1,2,60%,40%,11,17,3,10,5,5,3,2,18,20,5,4,3,2,8,2,17,16,549,356,,,9,17,81,71,48,43,,,,
340,Burnley,Manchester Utd,0,2,46%,54%,9,21,2,9,6,6,1,6,14,7,2,5,1,1,7,2,7,13,437,513,,,15,6,111,97,47,49,2,3,0,1
341,Watford,Tottenham,2,1,35%,65%,7,11,3,2,3,7,1,2,4,8,3,10,2,2,1,1,9,8,289,532,,,16,20,82,145,56,83,2,1,,
342,Cardiff,Arsenal,2,3,28%,72%,14,17,3,11,10,4,1,2,15,14,3,9,3,1,8,1,12,14,234,635,,,14,11,90,130,45,68,3,4,,
343,Manchester City,Newcastle,2,1,78%,22%,24,3,8,2,9,1,7,0,15,7,4,0,2,1,1,6,5,13,767,217,,,10,18,172,69,78,20,,,,
344,Brighton,Fulham,2,2,41%,59%,15,10,5,5,7,3,3,2,13,13,7,1,2,4,3,3,12,14,370,551,,,19,14,112,121,61,29,3,3,,
345,Chelsea,Bournemouth,2,0,73%,27%,24,8,6,1,6,6,12,1,8,12,7,6,2,1,1,4,10,7,704,252,,,14,14,133,86,74,50,2,2,,
346,Crystal Palace,Southampton,0,2,51%,49%,20,19,6,6,7,6,7,7,13,10,7,4,0,1,4,6,11,12,432,423,,,16,19,122,110,62,47,1,1,,
347,Everton,Huddersfield,1,1,58%,42%,11,9,1,6,8,1,2,2,14,14,4,3,1,0,5,0,13,14,464,335,,,15,30,129,108,37,44,3,3,,
348,West Ham,Wolves,0,1,48%,52%,13,15,3,6,5,7,5,2,11,11,4,4,1,0,5,3,10,11,444,495,,,20,23,115,133,61,51,2,1,,
349,Leicester,Liverpool,1,2,51%,49%,12,10,5,4,3,4,4,2,14,12,4,4,3,2,2,4,9,12,496,473,,,23,18,132,98,53,41,3,2,,
350,Manchester Utd,Tottenham,0,3,57%,43%,23,9,5,5,12,2,6,2,17,13,5,2,2,1,2,5,10,16,488,382,,,11,23,144,98,61,24,2,3,,
351,Fulham,Burnley,4,2,64%,36%,25,12,12,2,10,5,3,5,13,12,6,4,1,5,0,8,11,8,572,301,,,9,21,86,91,41,47,2,1,,
352,Newcastle,Chelsea,1,2,19%,81%,6,15,2,3,2,7,2,5,10,16,4,5,2,2,1,1,16,8,200,914,,,22,18,50,152,20,98,3,1,,
353,Watford,Crystal Palace,2,1,44%,56%,13,9,5,3,4,5,4,1,14,15,6,3,1,3,2,3,14,11,331,436,,,26,18,92,112,62,48,4,2,,
354,Liverpool,Brighton,1,0,70%,30%,22,6,8,2,7,2,7,2,17,9,8,5,1,3,2,7,8,14,765,327,,,22,21,177,67,83,31,1,1,,
355,Arsenal,West Ham,3,1,61%,39%,17,13,10,5,2,5,5,3,16,19,7,2,3,3,4,7,16,13,544,341,,,15,15,104,72,58,45,1,3,,
356,Bournemouth,Everton,2,2,50%,50%,17,11,5,3,10,5,2,3,10,17,6,2,5,0,1,3,12,10,382,390,,,17,21,89,90,45,42,0,3,1,1
357,Huddersfield,Cardiff,0,0,58%,42%,5,14,1,4,2,6,2,4,11,9,7,7,1,1,4,1,8,10,399,286,,,14,19,100,96,49,59,0,1,1,0
358,Southampton,Leicester,1,2,52%,48%,11,8,5,5,4,3,2,0,11,14,10,3,1,0,3,4,13,11,447,425,,,16,15,109,79,67,32,3,1,1,0
359,Wolves,Manchester City,1,1,29%,71%,11,18,2,6,6,6,3,6,11,17,5,9,4,3,5,1,13,8,260,644,,,20,10,64,174,24,70,1,2,,
360,Crystal Palace,Liverpool,0,2,37%,63%,8,16,2,6,5,4,1,6,15,7,6,7,2,2,4,2,6,13,359,625,,,15,22,97,136,41,70,1,1,1,0
361,Brighton,Manchester Utd,3,2,33%,67%,6,9,3,3,3,4,0,2,15,17,3,5,2,2,1,0,16,13,283,572,,,28,13,79,96,33,36,1,1,,
362,Burnley,Watford,1,3,58%,42%,8,9,3,6,3,0,2,3,22,11,5,2,2,4,3,2,8,19,461,345,,,18,18,112,104,49,42,1,2,,
363,Manchester City,Huddersfield,6,1,77%,23%,32,5,14,1,9,2,9,2,4,10,10,3,1,1,0,8,9,4,760,224,,,5,16,133,63,93,26,0,2,,
364,Chelsea,Arsenal,3,2,62%,38%,24,15,11,6,7,6,6,3,13,15,5,1,3,3,4,8,12,9,720,429,,,15,14,145,83,58,41,0,2,,
365,Everton,Southampton,2,1,58%,42%,14,15,7,4,4,6,3,5,23,10,2,5,2,3,3,5,8,20,423,299,,,16,13,130,73,59,39,0,5,,
366,Leicester,Wolves,2,0,43%,57%,6,11,2,3,2,7,2,1,9,10,1,9,0,1,3,0,10,8,382,500,,,24,20,104,130,37,75,2,1,1,0
367,Tottenham,Fulham,3,1,60%,40%,25,10,11,3,10,5,4,2,8,10,5,2,1,3,2,8,9,5,629,435,,,12,13,139,79,72,26,,,,
368,West Ham,Bournemouth,1,2,61%,39%,11,12,5,5,3,3,3,4,9,15,6,4,1,0,3,4,14,10,493,322,,,20,11,126,88,54,44,6,2,,
369,Cardiff,Newcastle,0,0,51%,49%,12,12,1,6,6,1,5,5,17,15,5,5,2,0,6,1,14,16,314,305,,,21,11,133,94,50,29,2,2,0,1
370,Arsenal,Manchester City,0,2,42%,58%,9,17,3,8,4,5,2,4,15,14,2,10,7,2,6,3,11,14,401,555,,,22,6,98,121,43,54,2,2,,
371,Liverpool,West Ham,4,0,65%,35%,18,5,8,2,7,2,3,1,12,18,5,4,5,3,2,4,14,9,673,360,,,19,22,119,82,66,30,1,2,,
372,Southampton,Burnley,0,0,48%,52%,18,16,3,6,6,6,9,4,14,13,8,5,2,4,6,3,10,9,368,406,,,14,9,90,132,52,51,0,1,,
373,Wolves,Everton,2,2,57%,43%,11,6,4,5,5,1,2,0,10,10,3,6,2,3,3,2,8,7,548,411,,,12,22,120,105,58,47,0,1,0,1
374,Bournemouth,Cardiff,2,0,63%,37%,12,10,4,1,6,5,2,4,10,11,7,4,0,2,1,2,11,9,502,287,,,11,21,104,96,63,41,1,1,,
375,Fulham,Crystal Palace,0,2,66%,34%,15,10,6,9,4,0,5,1,13,11,5,5,2,3,7,6,9,11,671,345,,,24,18,153,81,65,47,1,2,,
376,Huddersfield,Chelsea,0,3,37%,63%,6,13,1,4,4,3,1,6,9,10,2,5,2,1,1,1,9,8,372,658,,,27,12,106,115,51,41,2,1,,
377,Watford,Brighton,2,0,53%,47%,19,6,5,0,9,5,5,1,19,10,8,2,0,3,0,3,10,16,437,385,,,17,18,116,75,56,37,2,2,,
378,Newcastle,Tottenham,1,2,40%,60%,15,15,2,5,8,7,5,3,12,12,3,5,1,0,3,1,11,12,387,574,,,16,25,129,139,36,44,2,2,,
379,Manchester Utd,Leicester,2,1,46%,54%,8,13,6,4,1,3,1,6,9,15,2,5,4,2,3,4,11,8,485,543,,,25,14,111,126,33,83,2,1,,
